name;alt_name;russian_name;wiki_de;latin_name;image_url;inat_id;wiki_en;preferred_name;inat_name
Amsel;Schwarzdrossel;Чёрный дрозд;https://de.wikipedia.org/wiki/Amsel;Turdus merula;https://www.berlin.de/ba-charlottenburg-wilmersdorf/verwaltung/aemter/umwelt-und-naturschutzamt/naturschutz/pflanzen-artenschutz/mdb-amsel_seehawer.jpg;12716;http://en.wikipedia.org/wiki/Common_blackbird;Eurasian Blackbird;Turdus merula
Bachstelze;;Белая трясогузка;https://de.wikipedia.org/wiki/Bachstelze;Motacilla alba;https://www.berlin.de/ba-charlottenburg-wilmersdorf/verwaltung/aemter/umwelt-und-naturschutzamt/naturschutz/pflanzen-artenschutz/mdb-seehawer_bachstelze.jpg;13695;http://en.wikipedia.org/wiki/White_wagtail;White Wagtail;Motacilla alba
Baumfalke;;Чеглок;https://de.wikipedia.org/wiki/Baumfalke;Falco subbuteo;https://www.berlin.de/ba-charlottenburg-wilmersdorf/verwaltung/aemter/umwelt-und-naturschutzamt/naturschutz/pflanzen-artenschutz/mdb-baumfalke_falco_subbuteo_tatiana_bulyonkova.jpg;4643;http://en.wikipedia.org/wiki/Eurasian_hobby;Eurasian Hobby;Falco subbuteo
Birkenzeisig;;Чечётка;https://de.wikipedia.org/wiki/Birkenzeisig;Carduelis flammea;https://www.berlin.de/ba-charlottenburg-wilmersdorf/verwaltung/aemter/umwelt-und-naturschutzamt/naturschutz/pflanzen-artenschutz/mdb-birkenzeisig_juha_soininen_984434.jpg;145300;http://en.wikipedia.org/wiki/Common_redpoll;Common Redpoll;Acanthis flammea
Blässhuhn;;Лысуха;https://de.wikipedia.org/wiki/Bl%C3%A4sshuhn;Fulica atra;https://www.berlin.de/ba-charlottenburg-wilmersdorf/verwaltung/aemter/umwelt-und-naturschutzamt/naturschutz/pflanzen-artenschutz/mdb-blesshuhn_philip_mackenzie_717748.jpg;482;http://en.wikipedia.org/wiki/Eurasian_coot;Eurasian Coot;Fulica atra
Blaumeise;;Обыкновенная лазоревка;https://de.wikipedia.org/wiki/Blaumeise;Parus caeruleus;https://www.berlin.de/ba-charlottenburg-wilmersdorf/_assets/umweltamt/umwelt/umweltgalerie/tiere/paruscaeruleus.jpg;144849;http://en.wikipedia.org/wiki/Eurasian_blue_tit;Eurasian Blue Tit;Cyanistes caeruleus
Buchfink;;Зяблик;https://de.wikipedia.org/wiki/Buchfink;Fringilla coelebs;https://www.berlin.de/ba-charlottenburg-wilmersdorf/verwaltung/aemter/umwelt-und-naturschutzamt/naturschutz/pflanzen-artenschutz/mdb-buchfink_seehawer.jpg;10070;http://en.wikipedia.org/wiki/Common_chaffinch;Common Chaffinch;Fringilla coelebs
Buntspecht;;Большой пёстрый дятел;https://de.wikipedia.org/wiki/Buntspecht;Dendrocops major/Picoides major;https://www.berlin.de/ba-charlottenburg-wilmersdorf/verwaltung/aemter/umwelt-und-naturschutzamt/naturschutz/pflanzen-artenschutz/buntspecht_markus_gimperlein.jpg;17871;http://en.wikipedia.org/wiki/Great_spotted_woodpecker;Great Spotted Woodpecker;Dendrocopos major
Dohle;;Галка;https://de.wikipedia.org/wiki/Dohle;Corvus monedula;https://www.berlin.de/ba-charlottenburg-wilmersdorf/verwaltung/aemter/umwelt-und-naturschutzamt/naturschutz/pflanzen-artenschutz/mdb-dohle_michal_zacharzewski_n2d7wrg.jpg;8000;http://en.wikipedia.org/wiki/Western_jackdaw;Eurasian Jackdaw;Corvus monedula
Drosselrohrsänger;;Дроздовидная камышовка;https://de.wikipedia.org/wiki/Drosselrohrs%C3%A4nger;Acrocephalus arundinaceus;https://www.berlin.de/ba-charlottenburg-wilmersdorf/verwaltung/aemter/umwelt-und-naturschutzamt/naturschutz/pflanzen-artenschutz/mdb-drosselrohrsaenger_sergey_yeliseev.jpg;204456;http://en.wikipedia.org/wiki/Great_reed_warbler;Great Reed Warbler;Acrocephalus arundinaceus
Eichelhäher;;Сойка;https://de.wikipedia.org/wiki/Eichelh%C3%A4her;Garrulus glandarius;https://www.berlin.de/ba-charlottenburg-wilmersdorf/verwaltung/aemter/umwelt-und-naturschutzamt/naturschutz/pflanzen-artenschutz/mdb-eichelh__her_seehaswer_vollbild.jpg;8229;http://en.wikipedia.org/wiki/Blue_jay;Blue Jay;Cyanocitta cristata
Eisvogel;;Обыкновенный зимородок;https://de.wikipedia.org/wiki/Eisvogel;Alcedo atthis;https://www.berlin.de/ba-charlottenburg-wilmersdorf/verwaltung/aemter/umwelt-und-naturschutzamt/naturschutz/pflanzen-artenschutz/mdb-eisvogel_mglhhr8_karunakar_rayker.jpg;2599;http://en.wikipedia.org/wiki/Common_kingfisher;Common Kingfisher;Alcedo atthis
Elster;;Сорока;https://de.wikipedia.org/wiki/Elster;Pica pica;https://www.berlin.de/ba-charlottenburg-wilmersdorf/verwaltung/aemter/umwelt-und-naturschutzamt/naturschutz/pflanzen-artenschutz/mdb-elster___foto_von_enrico_seehawer.jpg;144106;http://en.wikipedia.org/wiki/Eurasian_magpie;Eurasian Magpie;Pica pica
FitisLaubsänger;Fitis;Пеночка-весничка;https://de.wikipedia.org/wiki/Fitis;Phylloscopus trochilus;https://www.berlin.de/ba-charlottenburg-wilmersdorf/verwaltung/aemter/umwelt-und-naturschutzamt/naturschutz/pflanzen-artenschutz/mdb-fitis_steve_garvie.jpg;117055;http://en.wikipedia.org/wiki/Willow_warbler;Willow Warbler;Phylloscopus trochilus
Gartenbaumläufer;;Короткопалая пищуха;https://de.wikipedia.org/wiki/Gartenbauml%C3%A4ufer;Certhia brachydactyla;https://www.berlin.de/ba-charlottenburg-wilmersdorf/verwaltung/aemter/umwelt-und-naturschutzamt/naturschutz/pflanzen-artenschutz/mdb-gartenbaumlaeufer_aleph.jpg;7462;http://en.wikipedia.org/wiki/Short-toed_treecreeper;Short-toed Treecreeper;Certhia brachydactyla
Gartengrasmücke;;Садовая славка;https://de.wikipedia.org/wiki/Gartengrasm%C3%BCcke;Sylvia borin;https://www.berlin.de/ba-charlottenburg-wilmersdorf/verwaltung/aemter/umwelt-und-naturschutzamt/naturschutz/pflanzen-artenschutz/mdb-gartengrasmuecke_ron_knight.jpg;15302;http://en.wikipedia.org/wiki/Garden_warbler;Garden Warbler;Sylvia borin
Gartenrotschwanz;;Обыкновенная горихвостка;https://de.wikipedia.org/wiki/Gartenrotschwanz;Phoenicurus phoenicurus;https://www.berlin.de/ba-charlottenburg-wilmersdorf/verwaltung/aemter/umwelt-und-naturschutzamt/naturschutz/pflanzen-artenschutz/mdb-gartenrotschwanz_steve_garvie.jpg;12992;http://en.wikipedia.org/wiki/Common_redstart;Common Redstart;Phoenicurus phoenicurus
Gelbspötter;;Зелёная пересмешка;https://de.wikipedia.org/wiki/Gelbsp%C3%B6tter;Hippolais icterina;https://www.berlin.de/ba-charlottenburg-wilmersdorf/verwaltung/aemter/umwelt-und-naturschutzamt/naturschutz/pflanzen-artenschutz/mdb-gelbspoetter_mike_pennington.jpg;116918;http://en.wikipedia.org/wiki/Icterine_warbler;Icterine Warbler;Hippolais icterina
Gimpel;Dompfaff;Снегирь;https://de.wikipedia.org/wiki/Dompfaff;Pyrrhula pyrrhula;https://www.berlin.de/ba-charlottenburg-wilmersdorf/verwaltung/aemter/umwelt-und-naturschutzamt/naturschutz/pflanzen-artenschutz/mdb-1151392_gimpel_juha_soininen.jpg;9462;http://en.wikipedia.org/wiki/Eurasian_bullfinch;Eurasian Bullfinch;Pyrrhula pyrrhula
Girlitz;;Канареечный вьюрок;https://de.wikipedia.org/wiki/Girlitz;Serinus serinus;https://www.berlin.de/ba-charlottenburg-wilmersdorf/verwaltung/aemter/umwelt-und-naturschutzamt/naturschutz/pflanzen-artenschutz/mdb-girlitz_luis_garc__a.jpg;9236;http://en.wikipedia.org/wiki/European_serin;European Serin;Serinus serinus
Goldammer;;Обыкновенная овсянка;https://de.wikipedia.org/wiki/Goldammer;Emberiza citrinella;https://www.berlin.de/ba-charlottenburg-wilmersdorf/verwaltung/aemter/umwelt-und-naturschutzamt/naturschutz/pflanzen-artenschutz/mdb-goldammer_alan_vernon.jpg;9195;http://en.wikipedia.org/wiki/Yellowhammer;Yellowhammer;Emberiza citrinella
Graureiher;;Серая цапля;https://de.wikipedia.org/wiki/Graureiher;Ardea cinera;https://www.berlin.de/ba-charlottenburg-wilmersdorf/verwaltung/aemter/umwelt-und-naturschutzamt/naturschutz/pflanzen-artenschutz/mdb-graureiher___foto_von_enrico_seehawer.jpg;4954;http://en.wikipedia.org/wiki/Grey_heron;Grey Heron;Ardea cinerea
Grauschnäpper;;Серая мухоловка;https://de.wikipedia.org/wiki/Grauschn%C3%A4pper;Musicapa striata;https://www.berlin.de/ba-charlottenburg-wilmersdorf/verwaltung/aemter/umwelt-und-naturschutzamt/naturschutz/pflanzen-artenschutz/mdb-grauschnaepper__jerzystrzelecki.jpg;12971;http://en.wikipedia.org/wiki/Spotted_flycatcher;Spotted Flycatcher;Muscicapa striata
Grauspecht;;Седой дятел;https://de.wikipedia.org/wiki/Grauspecht;Picus canus;https://www.berlin.de/ba-charlottenburg-wilmersdorf/verwaltung/aemter/umwelt-und-naturschutzamt/naturschutz/pflanzen-artenschutz/mdb-grauspecht_arudhio.jpg;18301;http://en.wikipedia.org/wiki/Grey-headed_woodpecker;Grey-headed Woodpecker;Picus canus
Grünfink;Grünling;Обыкновенная зеленушка;https://de.wikipedia.org/wiki/Gr%C3%BCnfink;Chloris chloris/Carduelis chloris;https://www.berlin.de/ba-charlottenburg-wilmersdorf/verwaltung/aemter/umwelt-und-naturschutzamt/naturschutz/pflanzen-artenschutz/mdb-gruenfink___foto_von_enrico_seehawer.jpg;145360;http://en.wikipedia.org/wiki/European_greenfinch;European Greenfinch;Chloris chloris
Grünspecht;;Зелёный дятел;https://de.wikipedia.org/wiki/Gr%C3%BCnspecht;Picus viridis;https://www.berlin.de/ba-charlottenburg-wilmersdorf/verwaltung/aemter/umwelt-und-naturschutzamt/naturschutz/pflanzen-artenschutz/mdb-gruenspecht_remy_bpl.jpg;18358;http://en.wikipedia.org/wiki/European_green_woodpecker;European Green Woodpecker;Picus viridis
Hänfling;Bluthänfling;Коноплянка;https://de.wikipedia.org/wiki/H%C3%A4nfling;Linaria cannabina;https://www.berlin.de/ba-charlottenburg-wilmersdorf/verwaltung/aemter/umwelt-und-naturschutzamt/naturschutz/pflanzen-artenschutz/mdb-haenfling_mindaugas_urbonas.jpg;558634;http://en.wikipedia.org/wiki/Common_linnet;Eurasian Linnet;Linaria cannabina
Haubenlerche;;Хохлатый жаворонок;https://de.wikipedia.org/wiki/Haubenlerche;Galerida cristata;https://www.berlin.de/ba-charlottenburg-wilmersdorf/verwaltung/aemter/umwelt-und-naturschutzamt/naturschutz/pflanzen-artenschutz/mdb-haubenlerche_avitopia.jpg;578607;http://en.wikipedia.org/wiki/Crested_lark;Crested Lark;Galerida cristata
Haubenmeise;;Хохлатая синица;https://de.wikipedia.org/wiki/Haubenmeise;Lophophanus cristatus/Parus cristatus;https://www.berlin.de/ba-charlottenburg-wilmersdorf/verwaltung/aemter/umwelt-und-naturschutzamt/naturschutz/pflanzen-artenschutz/mdb-haubenmeise_artur_miko__ajewski.jpg;144830;http://en.wikipedia.org/wiki/European_crested_tit;Crested Tit;Lophophanes cristatus
Haubentaucher;;Большая поганка;https://de.wikipedia.org/wiki/Haubentaucher;Podiceps cristatus;https://www.berlin.de/ba-charlottenburg-wilmersdorf/verwaltung/aemter/umwelt-und-naturschutzamt/naturschutz/pflanzen-artenschutz/mdb-haubentaucher_dickdaniels.jpg;4208;http://en.wikipedia.org/wiki/Great_crested_grebe;Great Crested Grebe;Podiceps cristatus
Hausrotschwanz;;Горихвостка-чернушка;https://de.wikipedia.org/wiki/Hausrotschwanz;Phoenicurus ochruros;https://www.berlin.de/ba-charlottenburg-wilmersdorf/verwaltung/aemter/umwelt-und-naturschutzamt/naturschutz/pflanzen-artenschutz/mdb-hausrotschwanz_wikinoby.jpg;13000;http://en.wikipedia.org/wiki/Black_redstart;Black Redstart;Phoenicurus ochruros
Haussperling;Spatz;Домовый воробей;https://de.wikipedia.org/wiki/Haussperling;Passer domesticus;https://www.berlin.de/ba-charlottenburg-wilmersdorf/verwaltung/aemter/umwelt-und-naturschutzamt/naturschutz/pflanzen-artenschutz/mdb-haussperling_iva_villi_ook2mf8.jpg;13858;http://en.wikipedia.org/wiki/House_sparrow;House Sparrow;Passer domesticus
Haustaube;;Сизый голубь;https://de.wikipedia.org/wiki/Haustaube;Columba livia domesticus;https://www.berlin.de/ba-charlottenburg-wilmersdorf/verwaltung/aemter/umwelt-und-naturschutzamt/naturschutz/pflanzen-artenschutz/mdb-haustaube_nrao3t4_sanja_gjenero.jpg;3017;http://en.wikipedia.org/wiki/Rock_dove;Rock Pigeon;Columba livia
Heckenbraunelle;;Лесная завирушка;https://de.wikipedia.org/wiki/Heckenbraunelle;Prunella modularis;https://www.berlin.de/ba-charlottenburg-wilmersdorf/verwaltung/aemter/umwelt-und-naturschutzamt/naturschutz/pflanzen-artenschutz/mdb-heckenbraunelle_jim_middleton.jpg;13988;http://en.wikipedia.org/wiki/Dunnock;Dunnock;Prunella modularis
Höckerschwan;;Лебедь-шипун;https://de.wikipedia.org/wiki/H%C3%B6ckerschwan;Cygnus olor;https://www.berlin.de/ba-charlottenburg-wilmersdorf/verwaltung/aemter/umwelt-und-naturschutzamt/naturschutz/pflanzen-artenschutz/mdb-seehawer_hoeckerschwan.jpg;6921;http://en.wikipedia.org/wiki/Mute_swan;Mute Swan;Cygnus olor
Hohltaube;;Клинтух;https://de.wikipedia.org/wiki/Hohltaube;Columba oenas;https://www.berlin.de/ba-charlottenburg-wilmersdorf/verwaltung/aemter/umwelt-und-naturschutzamt/naturschutz/pflanzen-artenschutz/mdb-hohltaube_chris_cant.jpg;3033;http://en.wikipedia.org/wiki/Stock_dove;Stock Dove;Columba oenas
Klappergrasmücke;;Славка-завирушка;https://de.wikipedia.org/wiki/Klappergrasm%C3%BCcke;Sylvia curruca;https://www.berlin.de/ba-charlottenburg-wilmersdorf/verwaltung/aemter/umwelt-und-naturschutzamt/naturschutz/pflanzen-artenschutz/mdb-klappergrasmuecke_steevie.jpg;15288;http://en.wikipedia.org/wiki/Lesser_whitethroat;Lesser Whitethroat;Sylvia curruca
Kleiber;;Поползни;https://de.wikipedia.org/wiki/Kleiber;Sitta europaea;https://www.berlin.de/ba-charlottenburg-wilmersdorf/verwaltung/aemter/umwelt-und-naturschutzamt/naturschutz/pflanzen-artenschutz/mdb-kleiber_kevin_tuck_mgrw1tc.jpg;14799;http://en.wikipedia.org/wiki/Nuthatch;Nuthatches;Sittidae
Kleines Sumpfhuhn;;Малый погоныш;https://de.wikipedia.org/wiki/Kleines%20Sumpfhuhn;Porzana parva;https://www.berlin.de/ba-charlottenburg-wilmersdorf/verwaltung/aemter/umwelt-und-naturschutzamt/naturschutz/pflanzen-artenschutz/mdb-kleines_sumpfhuhn_htalpa.jpg;508919;http://en.wikipedia.org/wiki/Little_crake;Little Crake;Zapornia parva
Kleinspecht;;Малый пёстрый дятел;https://de.wikipedia.org/wiki/Kleinspecht;Dryobates minor/Picoides minor;https://www.berlin.de/ba-charlottenburg-wilmersdorf/verwaltung/aemter/umwelt-und-naturschutzamt/naturschutz/pflanzen-artenschutz/mdb-kleinspecht_thermos.jpg;792977;http://en.wikipedia.org/wiki/Lesser_spotted_woodpecker;Lesser Spotted Woodpecker;Dryobates minor
Kohlmeise;;Большая синица;https://de.wikipedia.org/wiki/Kohlmeise;Parus major;https://www.berlin.de/ba-charlottenburg-wilmersdorf/verwaltung/aemter/umwelt-und-naturschutzamt/naturschutz/pflanzen-artenschutz/mdb-kohlmeise___foto_von_enrico_seehawer.jpg;203153;http://en.wikipedia.org/wiki/Great_tit;Great Tit;Parus major
Mäusebussard;;Обыкновенный канюк;https://de.wikipedia.org/wiki/M%C3%A4usebussard;Buteo buteo;https://www.berlin.de/ba-charlottenburg-wilmersdorf/_assets/umweltamt/umwelt/umweltgalerie/tiere/buteo_1-loz.jpg;204472;http://en.wikipedia.org/wiki/Common_buzzard;Common Buzzard;Buteo buteo
Mauersegler;;Чёрный стриж;https://de.wikipedia.org/wiki/Mauersegler;Apus Apus;https://www.berlin.de/ba-charlottenburg-wilmersdorf/verwaltung/aemter/umwelt-und-naturschutzamt/naturschutz/pflanzen-artenschutz/mdb-mauerseglerapusapusklausroggel.jpg;6638;http://en.wikipedia.org/wiki/Common_swift;Common Swift;Apus apus
Mehlschwalbe;;Городская ласточка;https://de.wikipedia.org/wiki/Mehlschwalbe;Delichon urbica;https://www.berlin.de/ba-charlottenburg-wilmersdorf/verwaltung/aemter/umwelt-und-naturschutzamt/naturschutz/pflanzen-artenschutz/mdb-mehlschwalbe_delichon_urbicum_estormiz.jpg;64705;http://en.wikipedia.org/wiki/Common_house_martin;Common House Martin;Delichon urbicum
Mittelspecht;;Средний пёстрый дятел;https://de.wikipedia.org/wiki/Mittelspecht;Leiopicus medicus/Dendrocopus medius;https://www.berlin.de/ba-charlottenburg-wilmersdorf/verwaltung/aemter/umwelt-und-naturschutzamt/naturschutz/pflanzen-artenschutz/mdb-mittelspecht_am_futterring_maren_winter.jpg;792985;;Middle Spotted Woodpecker;Dendrocoptes medius
Mönchsgrasmücke;;Черноголовая славка;https://de.wikipedia.org/wiki/M%C3%B6nchsgrasm%C3%BCcke;Sylvia atricapilla;https://www.berlin.de/ba-charlottenburg-wilmersdorf/verwaltung/aemter/umwelt-und-naturschutzamt/naturschutz/pflanzen-artenschutz/mdb-seehawer_moenchsgrasmuecke.jpg;15282;http://en.wikipedia.org/wiki/Eurasian_blackcap;Eurasian Blackcap;Sylvia atricapilla
Nachtigall;;Западный соловей;https://de.wikipedia.org/wiki/Nachtigall;Luscinia megarhynchos;https://www.berlin.de/ba-charlottenburg-wilmersdorf/verwaltung/aemter/umwelt-und-naturschutzamt/naturschutz/pflanzen-artenschutz/mdb-oaq0ahe.jpg;13079;http://en.wikipedia.org/wiki/Common_nightingale;Common Nightingale;Luscinia megarhynchos
Aaskrähe;Nebelkrähe;Чёрная ворона;https://de.wikipedia.org/wiki/Nebelkr%C3%A4he;Corvus corone corvix;https://www.berlin.de/ba-charlottenburg-wilmersdorf/verwaltung/aemter/umwelt-und-naturschutzamt/naturschutz/pflanzen-artenschutz/mdb-nebelkaehe___foto_von_enrico_seehawer.jpg;204496;http://en.wikipedia.org/wiki/Carrion_crow;Carrion Crow;Corvus corone
Neuntöter;;Обыкновенный жулан;https://de.wikipedia.org/wiki/Neunt%C3%B6ter;Lanius collurio;https://www.berlin.de/ba-charlottenburg-wilmersdorf/verwaltung/aemter/umwelt-und-naturschutzamt/naturschutz/pflanzen-artenschutz/mdb-neuntoeter_flkr_sergey_yeliseev.jpg;12038;http://en.wikipedia.org/wiki/Red-backed_shrike;Red-backed Shrike;Lanius collurio
Vogel Bülow;Pirol;Обыкновенная_иволга;https://de.wikipedia.org/wiki/Vogel%20B%C3%BClow;Oriolus oriolus;https://www.berlin.de/ba-charlottenburg-wilmersdorf/_assets/umweltamt/natur/voegel/pirol_by_michel_idre.jpg;204556;http://en.wikipedia.org/wiki/Eurasian_golden_oriole;Eurasian Golden Oriole;Oriolus oriolus
Rabenkrähe;;Серая ворона;https://de.wikipedia.org/wiki/Rabenkr%C3%A4he;Corvus corone corone;https://www.berlin.de/ba-charlottenburg-wilmersdorf/verwaltung/aemter/umwelt-und-naturschutzamt/naturschutz/pflanzen-artenschutz/mdb-rabenkraehe_helmut_gevert_mc2zqus.jpg;144757;http://en.wikipedia.org/wiki/Hooded_crow;Hooded Crow;Corvus cornix
Rauchschwalbe;;Деревенская ласточка;https://de.wikipedia.org/wiki/Rauchschwalbe;Hirundo rustica;https://www.berlin.de/ba-charlottenburg-wilmersdorf/verwaltung/aemter/umwelt-und-naturschutzamt/naturschutz/pflanzen-artenschutz/mdb-seehawer_rauchschwalbe.jpg;11901;http://en.wikipedia.org/wiki/Barn_swallow;Barn Swallow;Hirundo rustica
Reiherente;;Хохлатая чернеть;https://de.wikipedia.org/wiki/Reiherente;Aythya fuligula;https://www.berlin.de/ba-charlottenburg-wilmersdorf/verwaltung/aemter/umwelt-und-naturschutzamt/letzte-aenderungen/mdb-seehawer_reiherente.jpg;7046;http://en.wikipedia.org/wiki/Tufted_duck;Tufted Duck;Aythya fuligula
Ringeltaube;;Вяхирь;https://de.wikipedia.org/wiki/Ringeltaube;Columba palumbus;https://www.berlin.de/ba-charlottenburg-wilmersdorf/verwaltung/aemter/umwelt-und-naturschutzamt/naturschutz/pflanzen-artenschutz/mdb-ringeltaube_dickdaniels_columba_palumbus.jpg;3048;http://en.wikipedia.org/wiki/Common_wood_pigeon;Common Wood-Pigeon;Columba palumbus
Rotkehlchen;;Зарянка;https://de.wikipedia.org/wiki/Rotkehlchen;Erithacus rubecula;https://www.berlin.de/ba-charlottenburg-wilmersdorf/verwaltung/aemter/umwelt-und-naturschutzamt/naturschutz/pflanzen-artenschutz/mdb-rotkehlchen_vollbild.jpg;13094;http://en.wikipedia.org/wiki/European_robin;European Robin;Erithacus rubecula
Saatkrähe;;Грач;https://de.wikipedia.org/wiki/Saatkr%C3%A4he;Corvus frugilegus;https://www.berlin.de/ba-charlottenburg-wilmersdorf/verwaltung/aemter/umwelt-und-naturschutzamt/naturschutz/pflanzen-artenschutz/mdb-saatkraehe_john_haslam.jpg;8029;http://en.wikipedia.org/wiki/Rook_(bird);Rook;Corvus frugilegus
Schilfrohrsänger;;Камышовка-барсучок;https://de.wikipedia.org/wiki/Schilfrohrs%C3%A4nger;Acrocephalus schoenobaenus;https://www.berlin.de/ba-charlottenburg-wilmersdorf/verwaltung/aemter/umwelt-und-naturschutzamt/naturschutz/pflanzen-artenschutz/mdb-schilfrohrsaenger_acrocephalus_schoenobaenus_gabrielbuissart.jpg;116804;http://en.wikipedia.org/wiki/Sedge_warbler;Sedge Warbler;Acrocephalus schoenobaenus
Schwarzspecht;;Желна;https://de.wikipedia.org/wiki/Schwarzspecht;Dryocopus martius;https://www.berlin.de/ba-charlottenburg-wilmersdorf/verwaltung/aemter/umwelt-und-naturschutzamt/naturschutz/pflanzen-artenschutz/mdb-schwarzspecht_frank_vassen.jpg;17835;http://en.wikipedia.org/wiki/Black_woodpecker;Black Woodpecker;Dryocopus martius
Schwanzmeise;;Длиннохвостая синица;https://de.wikipedia.org/wiki/Schwanzmeise;Aegithalos caudatus;https://www.berlin.de/ba-charlottenburg-wilmersdorf/_assets/umweltamt/umwelt/fotostrecken/schwanzmeise_1204610_57923342.jpg;7278;http://en.wikipedia.org/wiki/Long-tailed_tit;Long-tailed Tit;Aegithalos caudatus
Singdrossel;;Певчий дрозд;https://de.wikipedia.org/wiki/Singdrossel;Turdus philomelos;https://www.berlin.de/ba-charlottenburg-wilmersdorf/verwaltung/aemter/umwelt-und-naturschutzamt/naturschutz/pflanzen-artenschutz/mdb-singdrossel___foto_von_enrico_seehawer.jpg;12748;http://en.wikipedia.org/wiki/Song_thrush;Song Thrush;Turdus philomelos
Sommergoldhähnchen;;Красноголовый королёк;https://de.wikipedia.org/wiki/Sommergoldh%C3%A4hnchen;Regulus ignicapilla/Regulus ignicapillus;https://www.berlin.de/ba-charlottenburg-wilmersdorf/verwaltung/aemter/umwelt-und-naturschutzamt/naturschutz/pflanzen-artenschutz/mdb-sommergoldh__hnchen_noel_feans.jpg;117097;http://en.wikipedia.org/wiki/Common_firecrest;Firecrest;Regulus ignicapilla
Sperber;;Ястреб-перепелятник;https://de.wikipedia.org/wiki/Sperber;Accipiter nisus;https://www.berlin.de/ba-charlottenburg-wilmersdorf/verwaltung/aemter/umwelt-und-naturschutzamt/naturschutz/pflanzen-artenschutz/mdb-sperber_accipiter_nisus_mike_scott.jpg;5106;http://en.wikipedia.org/wiki/Eurasian_sparrowhawk;Eurasian Sparrowhawk;Accipiter nisus
Gemeiner Star;;Обыкновенный скворец;https://de.wikipedia.org/wiki/Gemeiner%20Star;Sturnus vulgaris;https://www.berlin.de/ba-charlottenburg-wilmersdorf/verwaltung/aemter/umwelt-und-naturschutzamt/naturschutz/pflanzen-artenschutz/mdb-star___foto_von_enrico_seehawer.jpg;14850;http://en.wikipedia.org/wiki/Common_starling;European Starling;Sturnus vulgaris
Stockente;;Кряква;https://de.wikipedia.org/wiki/Stockente;Anas platyrhynchos;https://www.berlin.de/ba-charlottenburg-wilmersdorf/verwaltung/aemter/umwelt-und-naturschutzamt/naturschutz/pflanzen-artenschutz/mdb-seehawer_stockente.jpg;6930;http://en.wikipedia.org/wiki/Mallard;Mallard;Anas platyrhynchos
Sumpfmeise;;Черноголовая гаичка;https://de.wikipedia.org/wiki/Sumpfmeise;Parus palustris;https://www.berlin.de/ba-charlottenburg-wilmersdorf/_assets/umweltamt/natur/artenschutz/sumpfmeise_parus_palustris_.jpg;144809;http://en.wikipedia.org/wiki/Marsh_tit;Marsh Tit;Poecile palustris
Sumpfrohrsänger;;Болотная камышовка;https://de.wikipedia.org/wiki/Sumpfrohrs%C3%A4nger;Acrocephalus palustris;https://www.berlin.de/ba-charlottenburg-wilmersdorf/verwaltung/aemter/umwelt-und-naturschutzamt/naturschutz/pflanzen-artenschutz/mdb-sumpfrohrsaenger_jerzystrzelecki.jpg;116802;http://en.wikipedia.org/wiki/Marsh_warbler;Marsh Warbler;Acrocephalus palustris
Tannenmeise;;Московка;https://de.wikipedia.org/wiki/Tannenmeise;Peripatus ater/Parus ater;https://www.berlin.de/ba-charlottenburg-wilmersdorf/verwaltung/aemter/umwelt-und-naturschutzamt/naturschutz/pflanzen-artenschutz/mdb-tannenmeise_1072253_ben_avery.jpg;144823;http://en.wikipedia.org/wiki/Coal_tit;Coal Tit;Periparus ater
Teichhuhn;;Камышница;https://de.wikipedia.org/wiki/Teichhuhn;Gallinula chloropus;https://www.berlin.de/ba-charlottenburg-wilmersdorf/verwaltung/aemter/umwelt-und-naturschutzamt/naturschutz/pflanzen-artenschutz/mdb-teichhuhn_adrian_van_leen_n5x03c8.jpg;201282;http://en.wikipedia.org/wiki/Common_moorhen;Eurasian Moorhen;Gallinula chloropus
Teichrohrsänger;;Тростниковая камышовка;https://de.wikipedia.org/wiki/Teichrohrs%C3%A4nger;Acrocephalus scirpaceus;https://www.berlin.de/ba-charlottenburg-wilmersdorf/verwaltung/aemter/umwelt-und-naturschutzamt/naturschutz/pflanzen-artenschutz/mdb-teichrohrsaenger_acrocephalus_scirpaceus_matthias_barby.jpg;204455;http://en.wikipedia.org/wiki/Eurasian_reed_warbler;Eurasian Reed Warbler;Acrocephalus scirpaceus
Trauerschnäpper;;Мухоловка-пеструшка;https://de.wikipedia.org/wiki/Trauerschn%C3%A4pper;Ficedula hypoleuca;https://www.berlin.de/ba-charlottenburg-wilmersdorf/verwaltung/aemter/umwelt-und-naturschutzamt/naturschutz/pflanzen-artenschutz/mdb-trauerschnaepper_lars_falkdalen_lindahl.jpg;204512;http://en.wikipedia.org/wiki/European_pied_flycatcher;European Pied Flycatcher;Ficedula hypoleuca
Tüpfelsumpfhuhn;;Погоныш;https://de.wikipedia.org/wiki/T%C3%BCpfelsumpfhuhn;Porzana porzana;https://www.berlin.de/ba-charlottenburg-wilmersdorf/verwaltung/aemter/umwelt-und-naturschutzamt/naturschutz/pflanzen-artenschutz/mdb-tuepfelsumpfhuhn_marek_szczepanek.jpg;155;http://en.wikipedia.org/wiki/Porzana;;Porzana
Turmfalke;;Обыкновенная пустельга;https://de.wikipedia.org/wiki/Turmfalke;Falco tinnunculus;https://www.berlin.de/ba-charlottenburg-wilmersdorf/verwaltung/aemter/umwelt-und-naturschutzamt/naturschutz/pflanzen-artenschutz/mdb-turmfalke_bugdog_742852.jpg;472766;http://en.wikipedia.org/wiki/Common_kestrel;Eurasian Kestrel;Falco tinnunculus
Wacholderdrossel;;Рябинник;https://de.wikipedia.org/wiki/Wacholderdrossel;Turdus pilaris;https://www.berlin.de/ba-charlottenburg-wilmersdorf/verwaltung/aemter/umwelt-und-naturschutzamt/naturschutz/pflanzen-artenschutz/mdb-wacholderdrossel_mpf.jpg;12707;http://en.wikipedia.org/wiki/Fieldfare;Fieldfare;Turdus pilaris
Waldkauz;;Серая неясыть;https://de.wikipedia.org/wiki/Waldkauz;Strix aluco;https://www.berlin.de/ba-charlottenburg-wilmersdorf/verwaltung/aemter/umwelt-und-naturschutzamt/naturschutz/pflanzen-artenschutz/mdb-waldkauz_nottsexminer.jpg;19898;http://en.wikipedia.org/wiki/Tawny_owl;Tawny Owl;Strix aluco
Waldohreule;;Ушастая сова;https://de.wikipedia.org/wiki/Waldohreule;Asio otus;https://www.berlin.de/ba-charlottenburg-wilmersdorf/verwaltung/aemter/umwelt-und-naturschutzamt/naturschutz/pflanzen-artenschutz/mdb-waldohreule_lukasz_lukasik.jpg;20307;http://en.wikipedia.org/wiki/Long-eared_owl;Long-eared Owl;Asio otus
Wanderfalke;;Сапсан;https://de.wikipedia.org/wiki/Wanderfalke;Falco peregrinus;https://www.berlin.de/ba-charlottenburg-wilmersdorf/verwaltung/aemter/umwelt-und-naturschutzamt/naturschutz/pflanzen-artenschutz/mdb-wanderfalke_georges_lignier.jpg;4647;http://en.wikipedia.org/wiki/Peregrine_falcon;Peregrine Falcon;Falco peregrinus
Wasserralle;;Водяной пастушок;https://de.wikipedia.org/wiki/Wasserralle;Rallus aquaticus;https://www.berlin.de/ba-charlottenburg-wilmersdorf/verwaltung/aemter/umwelt-und-naturschutzamt/naturschutz/pflanzen-artenschutz/mdb-wasserralle_pierre_dalous.jpg;513926;http://en.wikipedia.org/wiki/Water_rail;Water Rail;Rallus aquaticus
Wintergoldhähnchen;;Желтоголовый королёк;https://de.wikipedia.org/wiki/Wintergoldh%C3%A4hnchen;Regulus regulus;https://www.berlin.de/ba-charlottenburg-wilmersdorf/verwaltung/aemter/umwelt-und-naturschutzamt/naturschutz/pflanzen-artenschutz/mdb-wintergoldhaehnchen_trzy_hem.jpg;793469;http://en.wikipedia.org/wiki/Goldcrest;Goldcrest;Regulus regulus
Zaunkönig;;Крапивник;https://de.wikipedia.org/wiki/Zaunk%C3%B6nig;Troglodytes troglodytes;https://www.berlin.de/ba-charlottenburg-wilmersdorf/verwaltung/aemter/umwelt-und-naturschutzamt/naturschutz/pflanzen-artenschutz/mdb-zaunkoenig_joan_kocur_779333.jpg;145363;http://en.wikipedia.org/wiki/Eurasian_wren;Eurasian Wren;Troglodytes troglodytes
Erlenzeisig;Zeisig;Чиж;https://de.wikipedia.org/wiki/Zeisig;Carduelis spinus;https://www.berlin.de/ba-charlottenburg-wilmersdorf/verwaltung/aemter/umwelt-und-naturschutzamt/naturschutz/pflanzen-artenschutz/mdb-zeisig_marek_szczepanek.jpg;145303;http://en.wikipedia.org/wiki/Eurasian_siskin;Eurasian Siskin;Spinus spinus
Zilpzalp;;Пеночка-теньковка;https://de.wikipedia.org/wiki/Zilpzalp;Phylloscopus collybita;https://www.berlin.de/ba-charlottenburg-wilmersdorf/verwaltung/aemter/umwelt-und-naturschutzamt/naturschutz/pflanzen-artenschutz/mdb-zilpzalp_aleph.jpg;117016;http://en.wikipedia.org/wiki/Common_chiffchaff;Common Chiffchaff;Phylloscopus collybita
Zwergsumpfhuhn;;Погоныш-крошка;https://de.wikipedia.org/wiki/Zwergsumpfhuhn;Porzana pusilla;https://www.berlin.de/ba-charlottenburg-wilmersdorf/verwaltung/aemter/umwelt-und-naturschutzamt/naturschutz/pflanzen-artenschutz/mdb-zwergsumpfhuhn__jason_girvan.jpg;508920;http://en.wikipedia.org/wiki/Baillon's_crake;Baillon's Crake;Zapornia pusilla
Zwergschnäpper;;Малая мухоловка;https://de.wikipedia.org/wiki/Zwergschn%C3%A4pper;Ficedula parva;https://www.berlin.de/ba-charlottenburg-wilmersdorf/verwaltung/aemter/umwelt-und-naturschutzamt/unterhaltung/zwergschnaepper_suresh_v.s.jpg;68519;http://en.wikipedia.org/wiki/Taiga_flycatcher;Taiga Flycatcher;Ficedula albicilla
Zwergtaucher;;Малая поганка;https://de.wikipedia.org/wiki/Zwergtaucher;Tachybaptus ruficollis;https://www.berlin.de/ba-charlottenburg-wilmersdorf/verwaltung/aemter/umwelt-und-naturschutzamt/naturschutz/pflanzen-artenschutz/mdb-zwergtaucher_martien_brand.jpg;4237;http://en.wikipedia.org/wiki/Little_grebe;Little Grebe;Tachybaptus ruficollis
